year,month,day_endofweek,statefips,State,initclaims_rate,contclaims_rate
2020,1,4,1,AL,0.204,0.826
2020,1,4,2,AK,0.282,2.93
2020,1,4,4,AZ,0.0882,0.507
2020,1,4,5,AR,0.189,1.12
2020,1,4,6,CA,0.189,1.85
2020,1,4,8,CO,0.0772,0.679
2020,1,4,9,CT,0.41,2.43
2020,1,4,10,DE,0.18,1.41
2020,1,4,11,DC,0.117,1.76
2020,1,4,12,FL,0.0447,0.35
2020,1,4,13,GA,0.334,0.757
2020,1,4,15,HI,0.274,1.02
2020,1,4,16,ID,0.335,1
2020,1,4,17,IL,0.183,1.94
2020,1,4,18,IN,0.131,0.592
2020,1,4,19,IA,0.264,1.99
2020,1,4,20,KS,0.136,0.752
2020,1,4,21,KY,0.25,1.09
2020,1,4,22,LA,0.0791,0.79
2020,1,4,23,ME,0.24,1.13
2020,1,4,24,MD,0.123,0.938
2020,1,4,25,MA,0.248,2
2020,1,4,26,MI,0.267,1.46
2020,1,4,27,MN,0.235,2.19
2020,1,4,28,MS,0.0923,0.759
2020,1,4,29,MO,0.242,0.966
2020,1,4,30,MT,0.291,2.07
2020,1,4,31,NE,0.106,0.499
2020,1,4,32,NV,0.147,1.35
2020,1,4,33,NH,0.0892,0.577
2020,1,4,34,NJ,0.341,2.48
2020,1,4,35,NM,0.0837,1.06
2020,1,4,36,NY,0.471,1.91
2020,1,4,37,NC,0.069,0.41
2020,1,4,38,ND,0.207,1.43
2020,1,4,39,OH,0.185,1.26
2020,1,4,40,OK,0.16,0.982
2020,1,4,41,OR,0.319,1.68
2020,1,4,42,PA,0.421,2.09
2020,1,4,44,RI,0.355,2.18
2020,1,4,45,SC,0.314,0.796
2020,1,4,46,SD,0.0858,0.603
2020,1,4,47,TN,0.0922,0.663
2020,1,4,48,TX,0.0881,1.01
2020,1,4,49,UT,0.0944,0.705
2020,1,4,50,VT,0.199,1.58
2020,1,4,51,VA,0.0723,0.502
2020,1,4,53,WA,0.256,1.8
2020,1,4,54,WV,0.196,1.99
2020,1,4,55,WI,0.414,1.6
2020,1,4,56,WY,0.227,1.1
2020,1,11,1,AL,0.162,0.943
2020,1,11,2,AK,0.394,2.68
2020,1,11,4,AZ,0.131,0.514
2020,1,11,5,AR,0.183,1.14
2020,1,11,6,CA,0.268,1.84
2020,1,11,8,CO,0.0953,0.683
2020,1,11,9,CT,0.313,2.48
2020,1,11,10,DE,0.227,1.45
2020,1,11,11,DC,0.172,1.73
2020,1,11,12,FL,0.0664,0.339
2020,1,11,13,GA,0.351,0.929
2020,1,11,15,HI,0.275,1.18
2020,1,11,16,ID,0.242,1.3
2020,1,11,17,IL,0.197,2.12
2020,1,11,18,IN,0.144,0.635
2020,1,11,19,IA,0.278,1.99
2020,1,11,20,KS,0.144,0.769
2020,1,11,21,KY,0.191,1.21
2020,1,11,22,LA,0.12,0.762
2020,1,11,23,ME,0.225,1.13
2020,1,11,24,MD,0.142,0.96
2020,1,11,25,MA,0.23,2.08
2020,1,11,26,MI,0.289,1.82
2020,1,11,27,MN,0.191,2.13
2020,1,11,28,MS,0.119,0.747
2020,1,11,29,MO,0.354,0.978
2020,1,11,30,MT,0.329,2.2
2020,1,11,31,NE,0.113,0.55
2020,1,11,32,NV,0.181,1.29
2020,1,11,33,NH,0.0933,0.591
2020,1,11,34,NJ,0.3,2.68
2020,1,11,35,NM,0.125,1.08
2020,1,11,36,NY,0.245,1.94
2020,1,11,37,NC,0.0911,0.418
2020,1,11,38,ND,0.379,1.53
2020,1,11,39,OH,0.172,1.35
2020,1,11,40,OK,0.11,1.05
2020,1,11,41,OR,0.295,1.71
2020,1,11,42,PA,0.406,2.52
2020,1,11,44,RI,0.327,2.21
2020,1,11,45,SC,0.195,0.909
2020,1,11,46,SD,0.101,0.64
2020,1,11,47,TN,0.111,0.67
2020,1,11,48,TX,0.156,1
2020,1,11,49,UT,0.114,0.733
2020,1,11,50,VT,0.19,1.64
2020,1,11,51,VA,0.0826,0.534
2020,1,11,53,WA,0.232,1.79
2020,1,11,54,WV,0.331,2.26
2020,1,11,55,WI,0.266,1.72
2020,1,11,56,WY,0.284,1.13
2020,1,18,1,AL,0.111,0.776
2020,1,18,2,AK,0.34,2.87
2020,1,18,4,AZ,0.117,0.519
2020,1,18,5,AR,0.127,0.971
2020,1,18,6,CA,0.334,1.94
2020,1,18,8,CO,0.0801,0.67
2020,1,18,9,CT,0.197,2.22
2020,1,18,10,DE,0.17,1.22
2020,1,18,11,DC,0.145,1.77
2020,1,18,12,FL,0.0589,0.336
2020,1,18,13,GA,0.16,0.628
2020,1,18,15,HI,0.186,0.996
2020,1,18,16,ID,0.246,1.35
2020,1,18,17,IL,0.23,2.08
2020,1,18,18,IN,0.11,0.638
2020,1,18,19,IA,0.208,1.7
2020,1,18,20,KS,0.162,0.716
2020,1,18,21,KY,0.149,1.16
2020,1,18,22,LA,0.0958,0.767
2020,1,18,23,ME,0.138,1.25
2020,1,18,24,MD,0.115,0.896
2020,1,18,25,MA,0.182,1.97
2020,1,18,26,MI,0.209,1.7
2020,1,18,27,MN,0.144,2.01
2020,1,18,28,MS,0.0889,0.69
2020,1,18,29,MO,0.16,0.971
2020,1,18,30,MT,0.232,2.11
2020,1,18,31,NE,0.0954,0.477
2020,1,18,32,NV,0.159,1.25
2020,1,18,33,NH,0.0792,0.545
2020,1,18,34,NJ,0.239,2.41
2020,1,18,35,NM,0.0992,1.04
2020,1,18,36,NY,0.187,1.73
2020,1,18,37,NC,0.083,0.438
2020,1,18,38,ND,0.194,1.69
2020,1,18,39,OH,0.136,1.26
2020,1,18,40,OK,0.108,0.949
2020,1,18,41,OR,0.193,1.5
2020,1,18,42,PA,0.25,2.19
2020,1,18,44,RI,0.215,1.98
2020,1,18,45,SC,0.132,0.79
2020,1,18,46,SD,0.0728,0.645
2020,1,18,47,TN,0.0925,0.611
2020,1,18,48,TX,0.112,1.03
2020,1,18,49,UT,0.0907,0.75
2020,1,18,50,VT,0.221,1.45
2020,1,18,51,VA,0.0642,0.504
2020,1,18,53,WA,0.232,1.68
2020,1,18,54,WV,0.238,2.22
2020,1,18,55,WI,0.206,1.44
2020,1,18,56,WY,0.218,1.13
2020,1,25,1,AL,0.095,0.82
2020,1,25,2,AK,0.288,2.73
2020,1,25,4,AZ,0.0979,0.518
2020,1,25,5,AR,0.124,0.905
2020,1,25,6,CA,0.235,1.73
2020,1,25,8,CO,0.0687,0.722
2020,1,25,9,CT,0.154,2.18
2020,1,25,10,DE,0.138,1.17
2020,1,25,11,DC,0.13,1.74
2020,1,25,12,FL,0.0504,0.323
2020,1,25,13,GA,0.103,0.567
2020,1,25,15,HI,0.152,0.963
2020,1,25,16,ID,0.206,1.34
2020,1,25,17,IL,0.151,2.04
2020,1,25,18,IN,0.0873,0.631
2020,1,25,19,IA,0.179,1.75
2020,1,25,20,KS,0.172,0.752
2020,1,25,21,KY,0.124,1.1
2020,1,25,22,LA,0.0896,0.74
2020,1,25,23,ME,0.136,1.22
2020,1,25,24,MD,0.101,0.896
2020,1,25,25,MA,0.158,1.98
2020,1,25,26,MI,0.156,1.85
2020,1,25,27,MN,0.126,1.98
2020,1,25,28,MS,0.0778,0.671
2020,1,25,29,MO,0.178,0.946
2020,1,25,30,MT,0.173,2.22
2020,1,25,31,NE,0.0927,0.493
2020,1,25,32,NV,0.136,1.23
2020,1,25,33,NH,0.0746,0.543
2020,1,25,34,NJ,0.208,2.38
2020,1,25,35,NM,0.08,1.06
2020,1,25,36,NY,0.158,1.72
2020,1,25,37,NC,0.0658,0.441
2020,1,25,38,ND,0.135,1.78
2020,1,25,39,OH,0.139,1.24
2020,1,25,40,OK,0.0994,0.939
2020,1,25,41,OR,0.212,1.54
2020,1,25,42,PA,0.206,2.16
2020,1,25,44,RI,0.189,1.94
2020,1,25,45,SC,0.0946,0.72
2020,1,25,46,SD,0.0627,0.662
2020,1,25,47,TN,0.0743,0.621
2020,1,25,48,TX,0.0931,0.944
2020,1,25,49,UT,0.0791,0.75
2020,1,25,50,VT,0.151,1.46
2020,1,25,51,VA,0.0693,0.491
2020,1,25,53,WA,0.206,1.73
2020,1,25,54,WV,0.162,2.1
2020,1,25,55,WI,0.198,1.42
2020,1,25,56,WY,0.182,1.15
2020,2,1,1,AL,0.0968,0.771
2020,2,1,2,AK,0.323,2.75
2020,2,1,4,AZ,0.107,0.531
2020,2,1,5,AR,0.135,0.969
2020,2,1,6,CA,0.224,2
2020,2,1,8,CO,0.0651,0.685
2020,2,1,9,CT,0.156,2.18
2020,2,1,10,DE,0.128,1.4
2020,2,1,11,DC,0.131,1.74
2020,2,1,12,FL,0.0528,0.347
2020,2,1,13,GA,0.102,0.554
2020,2,1,15,HI,0.171,0.913
2020,2,1,16,ID,0.164,1.29
2020,2,1,17,IL,0.145,2.22
2020,2,1,18,IN,0.089,0.65
2020,2,1,19,IA,0.176,1.78
2020,2,1,20,KS,0.135,0.827
2020,2,1,21,KY,0.127,1.12
2020,2,1,22,LA,0.0982,0.773
2020,2,1,23,ME,0.127,1.29
2020,2,1,24,MD,0.0982,0.914
2020,2,1,25,MA,0.145,2.02
2020,2,1,26,MI,0.139,1.68
2020,2,1,27,MN,0.119,2
2020,2,1,28,MS,0.0755,0.68
2020,2,1,29,MO,0.156,0.968
2020,2,1,30,MT,0.169,2.16
2020,2,1,31,NE,0.0805,0.568
2020,2,1,32,NV,0.148,1.24
2020,2,1,33,NH,0.0589,0.521
2020,2,1,34,NJ,0.185,2.45
2020,2,1,35,NM,0.0821,1.05
2020,2,1,36,NY,0.174,1.74
2020,2,1,37,NC,0.0711,0.44
2020,2,1,38,ND,0.111,1.68
2020,2,1,39,OH,0.126,1.25
2020,2,1,40,OK,0.0966,0.948
2020,2,1,41,OR,0.231,1.51
2020,2,1,42,PA,0.245,2.09
2020,2,1,44,RI,0.175,1.99
2020,2,1,45,SC,0.0883,0.718
2020,2,1,46,SD,0.0468,0.68
2020,2,1,47,TN,0.0706,0.639
2020,2,1,48,TX,0.0984,1
2020,2,1,49,UT,0.0802,0.738
2020,2,1,50,VT,0.141,1.46
2020,2,1,51,VA,0.0584,0.505
2020,2,1,53,WA,0.169,1.67
2020,2,1,54,WV,0.171,2.12
2020,2,1,55,WI,0.202,1.43
2020,2,1,56,WY,0.181,1.19
2020,2,8,1,AL,0.0971,0.747
2020,2,8,2,AK,0.282,2.63
2020,2,8,4,AZ,0.102,0.52
2020,2,8,5,AR,0.127,0.951
2020,2,8,6,CA,0.208,1.85
2020,2,8,8,CO,0.0788,0.727
2020,2,8,9,CT,0.154,2.18
2020,2,8,10,DE,0.125,1.21
2020,2,8,11,DC,0.124,1.75
2020,2,8,12,FL,0.0542,0.321
2020,2,8,13,GA,0.109,0.528
2020,2,8,15,HI,0.171,0.933
2020,2,8,16,ID,0.164,1.29
2020,2,8,17,IL,0.152,2.03
2020,2,8,18,IN,0.0804,0.656
2020,2,8,19,IA,0.137,1.77
2020,2,8,20,KS,0.142,0.794
2020,2,8,21,KY,0.142,1.11
2020,2,8,22,LA,0.0861,0.718
2020,2,8,23,ME,0.101,1.27
2020,2,8,24,MD,0.0966,0.9
2020,2,8,25,MA,0.154,2
2020,2,8,26,MI,0.134,1.62
2020,2,8,27,MN,0.132,2.06
2020,2,8,28,MS,0.0759,0.647
2020,2,8,29,MO,0.119,0.905
2020,2,8,30,MT,0.175,2.15
2020,2,8,31,NE,0.0652,0.55
2020,2,8,32,NV,0.181,1.25
2020,2,8,33,NH,0.0655,0.523
2020,2,8,34,NJ,0.207,2.45
2020,2,8,35,NM,0.0915,1.04
2020,2,8,36,NY,0.158,1.72
2020,2,8,37,NC,0.0655,0.434
2020,2,8,38,ND,0.13,1.69
2020,2,8,39,OH,0.118,1.23
2020,2,8,40,OK,0.0931,0.964
2020,2,8,41,OR,0.235,1.5
2020,2,8,42,PA,0.222,2.19
2020,2,8,44,RI,0.173,1.99
2020,2,8,45,SC,0.0864,0.702
2020,2,8,46,SD,0.0481,0.672
2020,2,8,47,TN,0.0646,0.618
2020,2,8,48,TX,0.0987,0.916
2020,2,8,49,UT,0.081,0.758
2020,2,8,50,VT,0.139,1.41
2020,2,8,51,VA,0.0702,0.5
2020,2,8,53,WA,0.183,1.64
2020,2,8,54,WV,0.151,2.08
2020,2,8,55,WI,0.212,1.43
2020,2,8,56,WY,0.202,1.2
2020,2,15,1,AL,0.0884,0.739
2020,2,15,2,AK,0.263,2.69
2020,2,15,4,AZ,0.0996,0.521
2020,2,15,5,AR,0.118,0.952
2020,2,15,6,CA,0.224,1.93
2020,2,15,8,CO,0.0702,0.701
2020,2,15,9,CT,0.132,2.06
2020,2,15,10,DE,0.125,1.21
2020,2,15,11,DC,0.115,1.73
2020,2,15,12,FL,0.0506,0.333
2020,2,15,13,GA,0.123,0.535
2020,2,15,15,HI,0.18,0.92
2020,2,15,16,ID,0.154,1.29
2020,2,15,17,IL,0.125,2.07
2020,2,15,18,IN,0.0755,0.66
2020,2,15,19,IA,0.129,1.77
2020,2,15,20,KS,0.14,0.785
2020,2,15,21,KY,0.136,1.11
2020,2,15,22,LA,0.083,0.719
2020,2,15,23,ME,0.114,1.28
2020,2,15,24,MD,0.0935,0.896
2020,2,15,25,MA,0.141,2.01
2020,2,15,26,MI,0.113,1.6
2020,2,15,27,MN,0.117,2.06
2020,2,15,28,MS,0.0675,0.644
2020,2,15,29,MO,0.109,0.887
2020,2,15,30,MT,0.173,2.15
2020,2,15,31,NE,0.0519,0.561
2020,2,15,32,NV,0.165,1.27
2020,2,15,33,NH,0.0548,0.519
2020,2,15,34,NJ,0.19,2.45
2020,2,15,35,NM,0.0759,1.05
2020,2,15,36,NY,0.151,1.72
2020,2,15,37,NC,0.0609,0.432
2020,2,15,38,ND,0.113,1.72
2020,2,15,39,OH,0.113,1.23
2020,2,15,40,OK,0.0887,0.951
2020,2,15,41,OR,0.204,1.48
2020,2,15,42,PA,0.209,2.1
2020,2,15,44,RI,0.179,2.01
2020,2,15,45,SC,0.0879,0.696
2020,2,15,46,SD,0.0418,0.689
2020,2,15,47,TN,0.064,0.612
2020,2,15,48,TX,0.0911,0.95
2020,2,15,49,UT,0.0682,0.755
2020,2,15,50,VT,0.159,1.44
2020,2,15,51,VA,0.061,0.51
2020,2,15,53,WA,0.161,1.58
2020,2,15,54,WV,0.147,2.12
2020,2,15,55,WI,0.187,1.42
2020,2,15,56,WY,0.205,1.27
2020,2,22,1,AL,0.0774,0.716
2020,2,22,2,AK,0.222,2.55
2020,2,22,4,AZ,0.0887,0.513
2020,2,22,5,AR,0.0774,0.921
2020,2,22,6,CA,0.18,1.8
2020,2,22,8,CO,0.0591,0.752
2020,2,22,9,CT,0.127,2.18
2020,2,22,10,DE,0.13,1.22
2020,2,22,11,DC,0.103,1.71
2020,2,22,12,FL,0.047,0.325
2020,2,22,13,GA,0.0984,0.528
2020,2,22,15,HI,0.153,0.936
2020,2,22,16,ID,0.126,1.28
2020,2,22,17,IL,0.183,2.03
2020,2,22,18,IN,0.0879,0.676
2020,2,22,19,IA,0.151,1.77
2020,2,22,20,KS,0.1,0.807
2020,2,22,21,KY,0.121,1.09
2020,2,22,22,LA,0.0858,0.699
2020,2,22,23,ME,0.106,1.24
2020,2,22,24,MD,0.0828,0.892
2020,2,22,25,MA,0.243,2.02
2020,2,22,26,MI,0.12,1.58
2020,2,22,27,MN,0.114,2
2020,2,22,28,MS,0.0648,0.621
2020,2,22,29,MO,0.0993,0.877
2020,2,22,30,MT,0.149,2.12
2020,2,22,31,NE,0.0476,0.558
2020,2,22,32,NV,0.133,1.26
2020,2,22,33,NH,0.0574,0.509
2020,2,22,34,NJ,0.187,2.43
2020,2,22,35,NM,0.0772,1.05
2020,2,22,36,NY,0.149,1.72
2020,2,22,37,NC,0.0561,0.426
2020,2,22,38,ND,0.108,1.71
2020,2,22,39,OH,0.107,1.22
2020,2,22,40,OK,0.082,0.938
2020,2,22,41,OR,0.167,1.45
2020,2,22,42,PA,0.195,2.19
2020,2,22,44,RI,0.346,2.02
2020,2,22,45,SC,0.0768,0.683
2020,2,22,46,SD,0.0412,0.682
2020,2,22,47,TN,0.0555,0.602
2020,2,22,48,TX,0.0858,0.906
2020,2,22,49,UT,0.0627,0.744
2020,2,22,50,VT,0.178,1.42
2020,2,22,51,VA,0.0471,0.51
2020,2,22,53,WA,0.143,1.53
2020,2,22,54,WV,0.151,2.18
2020,2,22,55,WI,0.196,1.42
2020,2,22,56,WY,0.133,1.24
2020,2,29,1,AL,0.0703,0.657
2020,2,29,2,AK,0.251,2.57
2020,2,29,4,AZ,0.0869,0.511
2020,2,29,5,AR,0.104,0.899
2020,2,29,6,CA,0.215,1.91
2020,2,29,8,CO,0.0534,0.712
2020,2,29,9,CT,0.149,2.2
2020,2,29,10,DE,0.108,1.38
2020,2,29,11,DC,0.11,1.71
2020,2,29,12,FL,0.0469,0.323
2020,2,29,13,GA,0.108,0.528
2020,2,29,15,HI,0.158,0.895
2020,2,29,16,ID,0.113,1.2
2020,2,29,17,IL,0.139,2.05
2020,2,29,18,IN,0.0672,0.679
2020,2,29,19,IA,0.129,1.75
2020,2,29,20,KS,0.102,0.774
2020,2,29,21,KY,0.107,1.15
2020,2,29,22,LA,0.072,0.73
2020,2,29,23,ME,0.124,1.3
2020,2,29,24,MD,0.0805,0.871
2020,2,29,25,MA,0.127,2.18
2020,2,29,26,MI,0.11,1.59
2020,2,29,27,MN,0.11,1.98
2020,2,29,28,MS,0.0583,0.615
2020,2,29,29,MO,0.0886,0.874
2020,2,29,30,MT,0.13,2.12
2020,2,29,31,NE,0.0485,0.607
2020,2,29,32,NV,0.151,1.3
2020,2,29,33,NH,0.116,0.523
2020,2,29,34,NJ,0.173,2.47
2020,2,29,35,NM,0.0713,1.05
2020,2,29,36,NY,0.328,1.92
2020,2,29,37,NC,0.0348,0.417
2020,2,29,38,ND,0.0899,1.68
2020,2,29,39,OH,0.171,1.22
2020,2,29,40,OK,0.0792,0.919
2020,2,29,41,OR,0.187,1.43
2020,2,29,42,PA,0.186,2.08
2020,2,29,44,RI,0.157,2.23
2020,2,29,45,SC,0.0832,0.664
2020,2,29,46,SD,0.0343,0.672
2020,2,29,47,TN,0.0602,0.61
2020,2,29,48,TX,0.0904,0.949
2020,2,29,49,UT,0.055,0.712
2020,2,29,50,VT,0.252,1.47
2020,2,29,51,VA,0.074,0.503
2020,2,29,53,WA,0.147,1.5
2020,2,29,54,WV,0.139,2.11
2020,2,29,55,WI,0.182,1.4
2020,2,29,56,WY,0.161,1.21
2020,3,7,1,AL,0.0742,0.609
2020,3,7,2,AK,0.234,2.38
2020,3,7,4,AZ,0.0945,0.495
2020,3,7,5,AR,0.135,0.853
2020,3,7,6,CA,0.224,1.95
2020,3,7,8,CO,0.0592,0.728
2020,3,7,9,CT,0.132,2.12
2020,3,7,10,DE,0.106,1.12
2020,3,7,11,DC,0.115,1.66
2020,3,7,12,FL,0.0515,0.312
2020,3,7,13,GA,0.0894,0.491
2020,3,7,15,HI,0.192,0.909
2020,3,7,16,ID,0.106,1.15
2020,3,7,17,IL,0.135,2.12
2020,3,7,18,IN,0.0656,0.667
2020,3,7,19,IA,0.128,1.69
2020,3,7,20,KS,0.0918,0.74
2020,3,7,21,KY,0.119,1.1
2020,3,7,22,LA,0.081,0.678
2020,3,7,23,ME,0.103,1.26
2020,3,7,24,MD,0.082,0.861
2020,3,7,25,MA,0.123,1.98
2020,3,7,26,MI,0.104,1.57
2020,3,7,27,MN,0.112,2.02
2020,3,7,28,MS,0.0689,0.581
2020,3,7,29,MO,0.0971,0.818
2020,3,7,30,MT,0.134,2.02
2020,3,7,31,NE,0.0484,0.539
2020,3,7,32,NV,0.15,1.29
2020,3,7,33,NH,0.064,0.578
2020,3,7,34,NJ,0.178,2.4
2020,3,7,35,NM,0.0723,1.03
2020,3,7,36,NY,0.148,1.7
2020,3,7,37,NC,0.0507,0.398
2020,3,7,38,ND,0.105,1.62
2020,3,7,39,OH,0.113,1.26
2020,3,7,40,OK,0.0852,0.927
2020,3,7,41,OR,0.197,1.4
2020,3,7,42,PA,0.188,2.11
2020,3,7,44,RI,0.126,2
2020,3,7,45,SC,0.0795,0.646
2020,3,7,46,SD,0.0399,0.659
2020,3,7,47,TN,0.0607,0.569
2020,3,7,48,TX,0.102,0.892
2020,3,7,49,UT,0.0631,0.689
2020,3,7,50,VT,0.13,1.53
2020,3,7,51,VA,0.0573,0.515
2020,3,7,53,WA,0.169,1.44
2020,3,7,54,WV,0.13,2.02
2020,3,7,55,WI,0.163,1.36
2020,3,7,56,WY,0.183,1.2
2020,3,14,1,AL,0.0811,0.583
2020,3,14,2,AK,0.322,2.45
2020,3,14,4,AZ,0.108,0.495
2020,3,14,5,AR,0.101,0.845
2020,3,14,6,CA,0.297,1.81
2020,3,14,8,CO,0.0737,0.675
2020,3,14,9,CT,0.18,2.08
2020,3,14,10,DE,0.0969,1.09
2020,3,14,11,DC,0.296,1.65
2020,3,14,12,FL,0.0625,0.312
2020,3,14,13,GA,0.107,0.496
2020,3,14,15,HI,0.239,0.933
2020,3,14,16,ID,0.117,1.06
2020,3,14,17,IL,0.175,2.02
2020,3,14,18,IN,0.0766,0.634
2020,3,14,19,IA,0.128,1.6
2020,3,14,20,KS,0.118,0.657
2020,3,14,21,KY,0.134,1.11
2020,3,14,22,LA,0.108,0.667
2020,3,14,23,ME,0.0915,1.22
2020,3,14,24,MD,0.119,0.829
2020,3,14,25,MA,0.195,1.95
2020,3,14,26,MI,0.108,1.53
2020,3,14,27,MN,0.129,1.99
2020,3,14,28,MS,0.0899,0.556
2020,3,14,29,MO,0.13,0.726
2020,3,14,30,MT,0.153,1.9
2020,3,14,31,NE,0.0768,0.49
2020,3,14,32,NV,0.412,1.26
2020,3,14,33,NH,0.083,0.505
2020,3,14,34,NJ,0.211,2.32
2020,3,14,35,NM,0.091,1
2020,3,14,36,NY,0.15,1.66
2020,3,14,37,NC,0.0695,0.387
2020,3,14,38,ND,0.103,1.57
2020,3,14,39,OH,0.121,1.18
2020,3,14,40,OK,0.0997,0.895
2020,3,14,41,OR,0.203,1.38
2020,3,14,42,PA,0.238,1.98
2020,3,14,44,RI,0.199,1.92
2020,3,14,45,SC,0.0881,0.633
2020,3,14,46,SD,0.0409,0.619
2020,3,14,47,TN,0.0808,0.552
2020,3,14,48,TX,0.115,0.911
2020,3,14,49,UT,0.0812,0.666
2020,3,14,50,VT,0.193,1.43
2020,3,14,51,VA,0.0613,0.484
2020,3,14,53,WA,0.364,1.42
2020,3,14,54,WV,0.109,1.93
2020,3,14,55,WI,0.167,1.31
2020,3,14,56,WY,0.177,1.15
2020,3,21,1,AL,0.486,0.557
2020,3,21,2,AK,2.26,2.45
2020,3,21,4,AZ,0.826,0.51
2020,3,21,5,AR,0.681,0.806
2020,3,21,6,CA,0.96,2.17
2020,3,21,8,CO,0.628,0.677
2020,3,21,9,CT,1.31,2.31
2020,3,21,10,DE,2.21,1.09
2020,3,21,11,DC,3.53,1.8
2020,3,21,12,FL,0.719,0.326
2020,3,21,13,GA,0.238,0.538
2020,3,21,15,HI,1.33,0.974
2020,3,21,16,ID,1.54,0.892
2020,3,21,17,IL,1.97,1.95
2020,3,21,18,IN,1.76,0.613
2020,3,21,19,IA,2.36,1.52
2020,3,21,20,KS,1.59,0.671
2020,3,21,21,KY,2.37,1.08
2020,3,21,22,LA,3.46,0.675
2020,3,21,23,ME,3.1,1.26
2020,3,21,24,MD,1.32,0.811
2020,3,21,25,MA,3.89,2.18
2020,3,21,26,MI,2.59,1.52
2020,3,21,27,MN,3.72,2.15
2020,3,21,28,MS,0.432,0.522
2020,3,21,29,MO,1.37,0.699
2020,3,21,30,MT,2.88,1.84
2020,3,21,31,NE,1.52,0.469
2020,3,21,32,NV,5.98,1.29
2020,3,21,33,NH,3.8,0.52
2020,3,21,34,NJ,2.58,2.36
2020,3,21,35,NM,1.9,0.973
2020,3,21,36,NY,0.841,1.76
2020,3,21,37,NC,1.85,0.406
2020,3,21,38,ND,1.4,1.53
2020,3,21,39,OH,3.38,1.18
2020,3,21,40,OK,1.19,0.915
2020,3,21,41,OR,1.43,1.45
2020,3,21,42,PA,5.59,1.97
2020,3,21,44,RI,6.45,1.95
2020,3,21,45,SC,1.34,0.636
2020,3,21,46,SD,0.38,0.576
2020,3,21,47,TN,1.14,0.549
2020,3,21,48,TX,1.11,0.9
2020,3,21,49,UT,1.22,0.673
2020,3,21,50,VT,1.11,1.41
2020,3,21,51,VA,1.05,0.49
2020,3,21,53,WA,3.32,1.6
2020,3,21,54,WV,0.444,1.78
2020,3,21,55,WI,1.64,1.4
2020,3,21,56,WY,1.25,1.09
2020,3,28,1,AL,3.61,0.807
2020,3,28,2,AK,3.96,3.21
2020,3,28,4,AZ,2.5,0.743
2020,3,28,5,AR,2.04,1.19
2020,3,28,6,CA,5.45,2.06
2020,3,28,8,CO,1.96,0.697
2020,3,28,9,CT,1.74,4.23
2020,3,28,10,DE,3.93,2.36
2020,3,28,11,DC,3.87,4.31
2020,3,28,12,FL,2.21,0.339
2020,3,28,13,GA,2.62,2.11
2020,3,28,15,HI,7.31,1.65
2020,3,28,16,ID,3.74,1.76
2020,3,28,17,IL,2.88,2.05
2020,3,28,18,IN,4.11,0.856
2020,3,28,19,IA,3.22,3.09
2020,3,28,20,KS,3.65,1.18
2020,3,28,21,KY,5.46,1.18
2020,3,28,22,LA,4.65,2.77
2020,3,28,23,ME,3.43,3.17
2020,3,28,24,MD,2.62,1.47
2020,3,28,25,MA,4.75,4.8
2020,3,28,26,MI,6.16,1.79
2020,3,28,27,MN,3.51,5.17
2020,3,28,28,MS,2.51,0.751
2020,3,28,29,MO,3.38,1.6
2020,3,28,30,MT,3.89,3.58
2020,3,28,31,NE,2.39,1.61
2020,3,28,32,NV,4.66,3.81
2020,3,28,33,NH,4.06,3.53
2020,3,28,34,NJ,4.59,3.48
2020,3,28,35,NM,2.92,2.1
2020,3,28,36,NY,3.85,3.31
2020,3,28,37,NC,3.39,1.48
2020,3,28,38,ND,2.93,2.11
2020,3,28,39,OH,4.73,3.69
2020,3,28,40,OK,2.59,1.37
2020,3,28,41,OR,2.26,3.04
2020,3,28,42,PA,5.76,2.09
2020,3,28,44,RI,5,5.73
2020,3,28,45,SC,2.8,1.28
2020,3,28,46,SD,1.47,0.762
2020,3,28,47,TN,2.77,1.12
2020,3,28,48,TX,1.97,1.03
2020,3,28,49,UT,1.77,1.53
2020,3,28,50,VT,4.28,4.03
2020,3,28,51,VA,2.55,0.948
2020,3,28,53,WA,4.67,4.04
2020,3,28,54,WV,1.82,2.65
2020,3,28,55,WI,3.57,3.21
2020,3,28,56,WY,2.19,1.55
2020,4,4,1,AL,4.76,2.33
2020,4,4,2,AK,4.2,5.71
2020,4,4,4,AZ,3.73,1.76
2020,4,4,5,AR,4.56,2.68
2020,4,4,6,CA,4.73,5.55
2020,4,4,8,CO,1.47,2.34
2020,4,4,9,CT,1.75,7.73
2020,4,4,10,DE,3.87,3.99
2020,4,4,11,DC,3.74,7.66
2020,4,4,12,FL,1.64,0.957
2020,4,4,13,GA,7.63,7.05
2020,4,4,15,HI,7.99,4.85
2020,4,4,16,ID,5.22,4.07
2020,4,4,17,IL,3.14,4.08
2020,4,4,18,IN,3.75,2.12
2020,4,4,19,IA,3.69,5.45
2020,4,4,20,KS,3.32,3.46
2020,4,4,21,KY,5.67,6.28
2020,4,4,22,LA,4.8,5.57
2020,4,4,23,ME,4.46,5.97
2020,4,4,24,MD,3.36,2.82
2020,4,4,25,MA,3.66,8.13
2020,4,4,26,MI,7.87,7.42
2020,4,4,27,MN,4.09,8.08
2020,4,4,28,MS,3.59,5.91
2020,4,4,29,MO,2.97,3.94
2020,4,4,30,MT,3.98,6.9
2020,4,4,31,NE,2.61,3.76
2020,4,4,32,NV,5.14,8.5
2020,4,4,33,NH,5.07,6.74
2020,4,4,34,NJ,4.78,6.15
2020,4,4,35,NM,2.74,4.7
2020,4,4,36,NY,3.62,7.49
2020,4,4,37,NC,2.7,4.84
2020,4,4,38,ND,3.75,3.97
2020,4,4,39,OH,3.9,7.76
2020,4,4,40,OK,3.29,2.99
2020,4,4,41,OR,2.98,5.64
2020,4,4,42,PA,3.68,8.73
2020,4,4,44,RI,5.08,10.1
2020,4,4,45,SC,3.64,3.18
2020,4,4,46,SD,1.75,1.63
2020,4,4,47,TN,3.35,3.47
2020,4,4,48,TX,2.24,2.67
2020,4,4,49,UT,2.06,2.81
2020,4,4,50,VT,4.81,6.41
2020,4,4,51,VA,3.34,3.02
2020,4,4,53,WA,4.38,7.9
2020,4,4,54,WV,1.82,4.6
2020,4,4,55,WI,3.38,6.71
2020,4,4,56,WY,2.24,2.67
2020,4,11,1,AL,3.46,4.25
2020,4,11,2,AK,3.45,10.2
2020,4,11,4,AZ,2.77,3.4
2020,4,11,5,AR,2.61,4.88
2020,4,11,6,CA,3.38,7.37
2020,4,11,8,CO,3.32,5.29
2020,4,11,9,CT,1.78,9.89
2020,4,11,10,DE,2.72,6.07
2020,4,11,11,DC,2.43,10.3
2020,4,11,12,FL,1.75,3.28
2020,4,11,13,GA,6.25,11.7
2020,4,11,15,HI,5.22,7.26
2020,4,11,16,ID,3.11,6.71
2020,4,11,17,IL,2.18,7.02
2020,4,11,18,IN,3.36,4.36
2020,4,11,19,IA,2.52,7.96
2020,4,11,20,KS,2.01,5.27
2020,4,11,21,KY,5.61,8.79
2020,4,11,22,LA,3.8,10.4
2020,4,11,23,ME,1.95,8.04
2020,4,11,24,MD,1.94,4.93
2020,4,11,25,MA,2.72,9.47
2020,4,11,26,MI,4.5,15.2
2020,4,11,27,MN,3.64,11.1
2020,4,11,28,MS,3.58,8.97
2020,4,11,29,MO,3.31,5.8
2020,4,11,30,MT,2.68,10
2020,4,11,31,NE,1.57,5.84
2020,4,11,32,NV,3.8,12.3
2020,4,11,33,NH,3.27,10.3
2020,4,11,34,NJ,3.15,9.56
2020,4,11,35,NM,1.99,6.57
2020,4,11,36,NY,4.15,11.8
2020,4,11,37,NC,2.76,7.14
2020,4,11,38,ND,2.35,6.08
2020,4,11,39,OH,2.75,10.7
2020,4,11,40,OK,2.96,4.8
2020,4,11,41,OR,2.59,8.37
2020,4,11,42,PA,2.66,9.46
2020,4,11,44,RI,8.22,12.8
2020,4,11,45,SC,3.75,5.34
2020,4,11,46,SD,1.37,3.11
2020,4,11,47,TN,2.15,6.17
2020,4,11,48,TX,1.95,4.5
2020,4,11,49,UT,1.52,4.53
2020,4,11,50,VT,2.82,9.12
2020,4,11,51,VA,2.37,5.37
2020,4,11,53,WA,3.69,11.4
2020,4,11,54,WV,1.88,6.1
2020,4,11,55,WI,2.25,8.46
2020,4,11,56,WY,1.98,3.84
2020,4,18,1,AL,2.96,6.44
2020,4,18,2,AK,3.51,13.8
2020,4,18,4,AZ,2.04,4.79
2020,4,18,5,AR,1.86,6.7
2020,4,18,6,CA,2.72,12.5
2020,4,18,8,CO,2.15,5.44
2020,4,18,9,CT,5.37,16
2020,4,18,10,DE,1.94,7.89
2020,4,18,11,DC,2.11,11.6
2020,4,18,12,FL,4.9,1.71
2020,4,18,13,GA,4.83,12
2020,4,18,15,HI,4,10.9
2020,4,18,16,ID,2.17,7.68
2020,4,18,17,IL,1.85,8.83
2020,4,18,18,IN,2.15,6.09
2020,4,18,19,IA,1.55,9.47
2020,4,18,20,KS,2.06,6.56
2020,4,18,21,KY,5.02,9.6
2020,4,18,22,LA,6.75,16.4
2020,4,18,23,ME,1.7,9.6
2020,4,18,24,MD,1.49,6.18
2020,4,18,25,MA,2.12,12.2
2020,4,18,26,MI,2.77,19
2020,4,18,27,MN,2.41,13.3
2020,4,18,28,MS,2.89,11.9
2020,4,18,29,MO,1.93,7.38
2020,4,18,30,MT,2.09,12.2
2020,4,18,31,NE,1.18,6.96
2020,4,18,32,NV,2.56,15
2020,4,18,33,NH,2.64,12.1
2020,4,18,34,NJ,4.1,12.4
2020,4,18,35,NM,1.43,8.48
2020,4,18,36,NY,2.16,14.4
2020,4,18,37,NC,2.09,9.22
2020,4,18,38,ND,2,8.32
2020,4,18,39,OH,1.89,12.4
2020,4,18,40,OK,2.54,6.1
2020,4,18,41,OR,1.77,10.3
2020,4,18,42,PA,2.5,16.6
2020,4,18,44,RI,8.38,14.6
2020,4,18,45,SC,3.13,7.57
2020,4,18,46,SD,1.14,4.24
2020,4,18,47,TN,2.01,8.37
2020,4,18,48,TX,2.39,6.49
2020,4,18,49,UT,1.22,5.49
2020,4,18,50,VT,1.93,18.8
2020,4,18,51,VA,1.87,6.75
2020,4,18,53,WA,2.24,14.4
2020,4,18,54,WV,5.87,12.1
2020,4,18,55,WI,1.8,9.65
2020,4,18,56,WY,1.5,4.89
2020,4,25,1,AL,3.47,9.35
2020,4,25,2,AK,2.97,15
2020,4,25,4,AZ,1.48,5.53
2020,4,25,5,AR,1.3,8.02
2020,4,25,6,CA,1.68,9.72
2020,4,25,8,CO,2.53,10.6
2020,4,25,9,CT,1.73,16.2
2020,4,25,10,DE,1.63,9.23
2020,4,25,11,DC,2.12,12.8
2020,4,25,12,FL,4.19,5.23
2020,4,25,13,GA,5.22,14.8
2020,4,25,15,HI,3.38,10.3
2020,4,25,16,ID,1.43,8.1
2020,4,25,17,IL,1.57,10.6
2020,4,25,18,IN,1.65,7.5
2020,4,25,19,IA,1.91,10.3
2020,4,25,20,KS,1.65,8.01
2020,4,25,21,KY,4.4,12.6
2020,4,25,22,LA,4.87,18.2
2020,4,25,23,ME,1.11,10.6
2020,4,25,24,MD,1.17,6.88
2020,4,25,25,MA,4.91,18.4
2020,4,25,26,MI,1.66,18.9
2020,4,25,27,MN,1.86,13.9
2020,4,25,28,MS,4.61,15.3
2020,4,25,29,MO,2.98,10.4
2020,4,25,30,MT,2.8,12.6
2020,4,25,31,NE,0.795,7.4
2020,4,25,32,NV,2.76,17.8
2020,4,25,33,NH,1.94,13.8
2020,4,25,34,NJ,1.6,13.8
2020,4,25,35,NM,1.27,9.86
2020,4,25,36,NY,2.32,17.3
2020,4,25,37,NC,3.02,12.7
2020,4,25,38,ND,1.55,8.8
2020,4,25,39,OH,1.61,13.4
2020,4,25,40,OK,2.85,7.31
2020,4,25,41,OR,2.34,13.5
2020,4,25,42,PA,2.25,14.1
2020,4,25,44,RI,3.64,22.1
2020,4,25,45,SC,2.8,10.1
2020,4,25,46,SD,1.19,4.89
2020,4,25,47,TN,1.28,10.2
2020,4,25,48,TX,3.13,7.49
2020,4,25,49,UT,0.73,5.57
2020,4,25,50,VT,1.5,22.3
2020,4,25,51,VA,1.64,7.74
2020,4,25,53,WA,8.42,23.8
2020,4,25,54,WV,3.74,18.4
2020,4,25,55,WI,2.99,10.3
2020,4,25,56,WY,1.2,5.67
2020,5,2,1,AL,2.1,11.3
2020,5,2,2,AK,2.9,14.3
2020,5,2,4,AZ,1.21,6.16
2020,5,2,5,AR,1.26,8.76
2020,5,2,6,CA,3.16,27.5
2020,5,2,8,CO,1.32,10.2
2020,5,2,9,CT,1.89,15.5
2020,5,2,10,DE,1.29,10.8
2020,5,2,11,DC,1.98,14.3
2020,5,2,12,FL,1.69,4.3
2020,5,2,13,GA,4.47,17.3
2020,5,2,15,HI,2.28,13.2
2020,5,2,16,ID,1.17,8.16
2020,5,2,17,IL,1.16,10.8
2020,5,2,18,IN,1.25,8.01
2020,5,2,19,IA,1.6,11.1
2020,5,2,20,KS,1.07,8.12
2020,5,2,21,KY,3.98,12.6
2020,5,2,22,LA,3.4,18.9
2020,5,2,23,ME,2.52,18.3
2020,5,2,24,MD,3.3,10.5
2020,5,2,25,MA,3.27,27.8
2020,5,2,26,MI,3.11,40.7
2020,5,2,27,MN,1.62,14.8
2020,5,2,28,MS,2.88,17.4
2020,5,2,29,MO,2.28,10
2020,5,2,30,MT,1.52,22.6
2020,5,2,31,NE,0.778,8.3
2020,5,2,32,NV,1.85,19.7
2020,5,2,33,NH,1.61,14.9
2020,5,2,34,NJ,3.66,17.7
2020,5,2,35,NM,3.3,16.1
2020,5,2,36,NY,2.46,19.1
2020,5,2,37,NC,3.46,14.3
2020,5,2,38,ND,2.45,10.6
2020,5,2,39,OH,1.06,13.1
2020,5,2,40,OK,5.21,8.4
2020,5,2,41,OR,2.47,14.8
2020,5,2,42,PA,1.57,19
2020,5,2,44,RI,2.68,22.3
2020,5,2,45,SC,2.01,11
2020,5,2,46,SD,0.868,5.15
2020,5,2,47,TN,1.4,12.8
2020,5,2,48,TX,2.14,8.98
2020,5,2,49,UT,0.559,5.78
2020,5,2,50,VT,1.13,17.7
2020,5,2,51,VA,1.35,8.54
2020,5,2,53,WA,4.31,21.9
2020,5,2,54,WV,1.66,13.9
2020,5,2,55,WI,1.82,10.1
2020,5,2,56,WY,1.17,6
2020,5,9,1,AL,1.83,11.7
2020,5,9,2,AK,3.13,14.6
2020,5,9,4,AZ,0.889,6.44
2020,5,9,5,AR,2.12,8.99
2020,5,9,6,CA,1.8,23.7
2020,5,9,8,CO,1.01,11.3
2020,5,9,9,CT,2.18,20.9
2020,5,9,10,DE,1.07,10.4
2020,5,9,11,DC,1.41,15.9
2020,5,9,12,FL,2.16,10
2020,5,9,13,GA,4.75,15.9
2020,5,9,15,HI,1.85,16.7
2020,5,9,16,ID,0.858,7.78
2020,5,9,17,IL,1.13,11.7
2020,5,9,18,IN,2.91,10.3
2020,5,9,19,IA,1.13,11.8
2020,5,9,20,KS,0.823,7.94
2020,5,9,21,KY,3.35,12.2
2020,5,9,22,LA,2.75,22.3
2020,5,9,23,ME,2.46,18.5
2020,5,9,24,MD,1.98,11.9
2020,5,9,25,MA,3.02,32.3
2020,5,9,26,MI,3.91,45
2020,5,9,27,MN,1.38,16.2
2020,5,9,28,MS,2.58,21.2
2020,5,9,29,MO,1.24,12.5
2020,5,9,30,MT,1.11,15.6
2020,5,9,31,NE,0.787,8.17
2020,5,9,32,NV,1.4,21
2020,5,9,33,NH,1.29,15.1
2020,5,9,34,NJ,2.69,21.8
2020,5,9,35,NM,1.33,15.5
2020,5,9,36,NY,2.65,20.9
2020,5,9,37,NC,2.16,13.6
2020,5,9,38,ND,0.812,12.4
2020,5,9,39,OH,0.901,12.9
2020,5,9,40,OK,2.51,9.67
2020,5,9,41,OR,1.84,14.9
2020,5,9,42,PA,1.57,26.5
2020,5,9,44,RI,2.02,24.5
2020,5,9,45,SC,1.4,11.3
2020,5,9,46,SD,1.28,5.35
2020,5,9,47,TN,1.02,13.3
2020,5,9,48,TX,1.34,9.32
2020,5,9,49,UT,0.44,5.7
2020,5,9,50,VT,0.851,16.7
2020,5,9,51,VA,1.18,8.9
2020,5,9,53,WA,4.07,27.4
2020,5,9,54,WV,0.758,13.5
2020,5,9,55,WI,1.61,10.1
2020,5,9,56,WY,1.71,7.3
2020,5,16,1,AL,1.53,12
2020,5,16,2,AK,2.76,14.4
2020,5,16,4,AZ,0.9,6.49
2020,5,16,5,AR,1.44,9.47
2020,5,16,6,CA,1.84,24.3
2020,5,16,8,CO,0.816,10.9
2020,5,16,9,CT,1.75,19
2020,5,16,10,DE,1.14,10.8
2020,5,16,11,DC,1.27,17.1
2020,5,16,12,FL,2.18,20.8
2020,5,16,13,GA,3.48,15.5
2020,5,16,15,HI,1.65,21.9
2020,5,16,16,ID,0.844,7.47
2020,5,16,17,IL,2.28,14.3
2020,5,16,18,IN,0.869,10.4
2020,5,16,19,IA,0.955,11.5
2020,5,16,20,KS,0.756,7.3
2020,5,16,21,KY,2.28,11.9
2020,5,16,22,LA,1.52,21.3
2020,5,16,23,ME,1.7,18.5
2020,5,16,24,MD,1.56,13
2020,5,16,25,MA,4.05,46.5
2020,5,16,26,MI,4.5,53.7
2020,5,16,27,MN,1.04,16.8
2020,5,16,28,MS,2.81,19.5
2020,5,16,29,MO,1.17,11.7
2020,5,16,30,MT,1.15,15.9
2020,5,16,31,NE,0.728,8.03
2020,5,16,32,NV,2.93,24
2020,5,16,33,NH,1.14,14.8
2020,5,16,34,NJ,3.24,20.1
2020,5,16,35,NM,1.11,16.3
2020,5,16,36,NY,4.28,25.4
2020,5,16,37,NC,1.75,13.1
2020,5,16,38,ND,0.807,10.8
2020,5,16,39,OH,3.13,22.5
2020,5,16,40,OK,1.98,7.36
2020,5,16,41,OR,1.26,14.7
2020,5,16,42,PA,1.58,26.7
2020,5,16,44,RI,1.38,22.8
2020,5,16,45,SC,2.09,14.9
2020,5,16,46,SD,1.03,6.05
2020,5,16,47,TN,0.938,12.3
2020,5,16,48,TX,1.27,10.4
2020,5,16,49,UT,0.549,6
2020,5,16,50,VT,0.643,16.1
2020,5,16,51,VA,1.33,13.5
2020,5,16,53,WA,5.15,36.2
2020,5,16,54,WV,0.631,13.1
2020,5,16,55,WI,1.28,9.93
2020,5,16,56,WY,1.09,6.46
2020,5,23,1,AL,1.52,11.1
2020,5,23,2,AK,2.77,28.2
2020,5,23,4,AZ,0.757,6.14
2020,5,23,5,AR,1.17,10.3
2020,5,23,6,CA,1.52,14.9
2020,5,23,8,CO,0.71,11.7
2020,5,23,9,CT,1.1,17.1
2020,5,23,10,DE,1.95,15.8
2020,5,23,11,DC,1.25,17.4
2020,5,23,12,FL,1.7,5.12
2020,5,23,13,GA,3.24,14.3
2020,5,23,15,HI,1.37,19.3
2020,5,23,16,ID,0.674,6.7
2020,5,23,17,IL,1.13,18.1
2020,5,23,18,IN,1.54,16.2
2020,5,23,19,IA,0.959,11.3
2020,5,23,20,KS,2.63,14.3
2020,5,23,21,KY,2.59,11.8
2020,5,23,22,LA,2.35,24
2020,5,23,23,ME,5.38,39.5
2020,5,23,24,MD,1.48,15.2
2020,5,23,25,MA,4.87,58.1
2020,5,23,26,MI,5.28,63.5
2020,5,23,27,MN,0.955,16.2
2020,5,23,28,MS,2.61,19.1
2020,5,23,29,MO,1.11,11.2
2020,5,23,30,MT,1.62,19.7
2020,5,23,31,NE,0.707,7.92
2020,5,23,32,NV,3.45,33.7
2020,5,23,33,NH,0.939,14.1
2020,5,23,34,NJ,2.75,25.2
2020,5,23,35,NM,1.07,16.2
2020,5,23,36,NY,4.62,33.4
2020,5,23,37,NC,1.72,12.5
2020,5,23,38,ND,1.02,10.6
2020,5,23,39,OH,1.49,21.8
2020,5,23,40,OK,2.47,7.65
2020,5,23,41,OR,1.48,14.9
2020,5,23,42,PA,2.09,29.6
2020,5,23,44,RI,1.25,23.2
2020,5,23,45,SC,1.81,13.9
2020,5,23,46,SD,0.937,5.73
2020,5,23,47,TN,0.881,12.2
2020,5,23,48,TX,1.2,10.2
2020,5,23,49,UT,0.479,5.86
2020,5,23,50,VT,0.454,14.7
2020,5,23,51,VA,1.18,13.5
2020,5,23,53,WA,1.81,20.4
2020,5,23,54,WV,0.615,12.2
2020,5,23,55,WI,1.08,9.41
2020,5,23,56,WY,1.25,7.81
2020,5,30,1,AL,1.18,11
2020,5,30,2,AK,2.6,18.3
2020,5,30,4,AZ,2.28,26.7
2020,5,30,5,AR,1.13,10.5
2020,5,30,6,CA,1.55,20.4
2020,5,30,8,CO,0.601,11.1
2020,5,30,9,CT,0.883,17.3
2020,5,30,10,DE,0.835,13.6
2020,5,30,11,DC,0.868,17.5
2020,5,30,12,FL,2.01,6.1
2020,5,30,13,GA,2.92,14.8
2020,5,30,15,HI,2.55,33.7
2020,5,30,16,ID,0.499,6.08
2020,5,30,17,IL,0.871,12.9
2020,5,30,18,IN,1.1,12.9
2020,5,30,19,IA,0.486,11.3
2020,5,30,20,KS,1.06,9.61
2020,5,30,21,KY,2.08,9.94
2020,5,30,22,LA,1.2,22.2
2020,5,30,23,ME,3.56,31.4
2020,5,30,24,MD,1.29,13.9
2020,5,30,25,MA,2.15,40.3
2020,5,30,26,MI,2.4,48.7
2020,5,30,27,MN,0.746,15.5
2020,5,30,28,MS,2.73,18
2020,5,30,29,MO,0.836,10.4
2020,5,30,30,MT,1.44,20.4
2020,5,30,31,NE,0.618,7.72
2020,5,30,32,NV,1.95,48.4
2020,5,30,33,NH,0.792,13
2020,5,30,34,NJ,1.67,21.5
2020,5,30,35,NM,0.954,15.9
2020,5,30,36,NY,1.73,28.9
2020,5,30,37,NC,1.39,12.1
2020,5,30,38,ND,0.723,9.76
2020,5,30,39,OH,1.13,17.6
2020,5,30,40,OK,3.35,9.36
2020,5,30,41,OR,1.06,12.9
2020,5,30,42,PA,2.11,31.7
2020,5,30,44,RI,1,21.7
2020,5,30,45,SC,1.27,12.3
2020,5,30,46,SD,0.395,4.91
2020,5,30,47,TN,0.849,12.3
2020,5,30,48,TX,1.09,11.6
2020,5,30,49,UT,0.405,5.71
2020,5,30,50,VT,0.577,17.3
2020,5,30,51,VA,0.908,13.4
2020,5,30,53,WA,1.15,17.1
2020,5,30,54,WV,0.588,11.1
2020,5,30,55,WI,0.9,8.83
2020,5,30,56,WY,0.979,6.19
2020,6,6,1,AL,1.05,10.3
2020,6,6,2,AK,2.43,18.3
2020,6,6,4,AZ,3.4,33.1
2020,6,6,5,AR,1.14,15.8
2020,6,6,6,CA,1.68,22
2020,6,6,8,CO,0.738,12.4
2020,6,6,9,CT,0.932,17.7
2020,6,6,10,DE,0.767,12.5
2020,6,6,11,DC,0.983,20.7
2020,6,6,12,FL,1.09,9.35
2020,6,6,13,GA,2.65,13.7
2020,6,6,15,HI,2.92,39.5
2020,6,6,16,ID,0.52,5.84
2020,6,6,17,IL,0.833,13.3
2020,6,6,18,IN,1.28,10.3
2020,6,6,19,IA,0.644,10.6
2020,6,6,20,KS,0.733,8.45
2020,6,6,21,KY,1.97,9.54
2020,6,6,22,LA,1.47,22.6
2020,6,6,23,ME,0.987,14.7
2020,6,6,24,MD,1.58,14.1
2020,6,6,25,MA,1.73,30.1
2020,6,6,26,MI,1.34,37.4
2020,6,6,27,MN,0.952,15.6
2020,6,6,28,MS,2.33,15.4
2020,6,6,29,MO,0.797,10.6
2020,6,6,30,MT,1.11,16.9
2020,6,6,31,NE,0.569,8.08
2020,6,6,32,NV,1.75,37.3
2020,6,6,33,NH,0.815,13.2
2020,6,6,34,NJ,1.03,25
2020,6,6,35,NM,0.798,15.8
2020,6,6,36,NY,1.84,35.5
2020,6,6,37,NC,1.23,15.1
2020,6,6,38,ND,0.705,9.66
2020,6,6,39,OH,1.31,19.1
2020,6,6,40,OK,4.27,8.52
2020,6,6,41,OR,1.3,14
2020,6,6,42,PA,1.79,27.7
2020,6,6,44,RI,1.12,21.8
2020,6,6,45,SC,1.59,12.6
2020,6,6,46,SD,0.42,5.59
2020,6,6,47,TN,0.756,12
2020,6,6,48,TX,0.863,10
2020,6,6,49,UT,0.439,5.66
2020,6,6,50,VT,0.609,16.6
2020,6,6,51,VA,0.837,13.5
2020,6,6,53,WA,1.06,16
2020,6,6,54,WV,0.554,10.9
2020,6,6,55,WI,0.941,8.46
2020,6,6,56,WY,0.791,6.33
2020,6,13,1,AL,0.957,9.63
2020,6,13,2,AK,2.29,17.9
2020,6,13,4,AZ,3.96,45.8
2020,6,13,5,AR,1.35,18.7
2020,6,13,6,CA,1.6,23.8
2020,6,13,8,CO,0.9,13.7
2020,6,13,9,CT,0.729,17
2020,6,13,10,DE,0.63,11.8
2020,6,13,11,DC,0.955,21.1
2020,6,13,12,FL,0.853,8.9
2020,6,13,13,GA,2.58,13.4
2020,6,13,15,HI,3.2,39.1
2020,6,13,16,ID,0.451,10.7
2020,6,13,17,IL,0.833,13
2020,6,13,18,IN,1.06,12.7
2020,6,13,19,IA,0.62,10.2
2020,6,13,20,KS,0.588,10
2020,6,13,21,KY,1.99,11.6
2020,6,13,22,LA,1.74,23.3
2020,6,13,23,ME,0.849,13.1
2020,6,13,24,MD,2.61,21.6
2020,6,13,25,MA,1.21,28.3
2020,6,13,26,MI,0.961,37
2020,6,13,27,MN,0.817,15.1
2020,6,13,28,MS,2.09,13.8
2020,6,13,29,MO,0.79,10.3
2020,6,13,30,MT,1.07,16.3
2020,6,13,31,NE,0.585,8.08
2020,6,13,32,NV,2.29,26.7
2020,6,13,33,NH,0.831,12.7
2020,6,13,34,NJ,1.1,23.1
2020,6,13,35,NM,0.773,15.8
2020,6,13,36,NY,1.56,31.1
2020,6,13,37,NC,1.12,14.6
2020,6,13,38,ND,0.663,9.49
2020,6,13,39,OH,1.57,22.8
2020,6,13,40,OK,4.68,9.42
2020,6,13,41,OR,1.3,13
2020,6,13,42,PA,1.97,33.3
2020,6,13,44,RI,0.95,21.6
2020,6,13,45,SC,1.42,12.1
2020,6,13,46,SD,0.299,5
2020,6,13,47,TN,0.724,11.9
2020,6,13,48,TX,0.907,10.6
2020,6,13,49,UT,0.405,5.51
2020,6,13,50,VT,0.655,15.5
2020,6,13,51,VA,0.822,13.7
2020,6,13,53,WA,0.992,15.2
2020,6,13,54,WV,0.543,9.96
2020,6,13,55,WI,0.91,8.17
2020,6,13,56,WY,0.676,6.27
2020,6,20,1,AL,1,9.39
2020,6,20,2,AK,2.38,18.8
2020,6,20,4,AZ,6.05,71.7
2020,6,20,5,AR,1.32,14.5
2020,6,20,6,CA,1.91,21.4
2020,6,20,8,CO,0.648,12.4
2020,6,20,9,CT,0.635,16.4
2020,6,20,10,DE,0.76,12.3
2020,6,20,11,DC,0.952,21.2
2020,6,20,12,FL,0.926,9.63
2020,6,20,13,GA,2.46,13.1
2020,6,20,15,HI,2.35,36.8
2020,6,20,16,ID,0.565,6.11
2020,6,20,17,IL,0.886,12.9
2020,6,20,18,IN,1.38,14
2020,6,20,19,IA,0.562,10.3
2020,6,20,20,KS,0.647,8.61
2020,6,20,21,KY,1.38,10.3
2020,6,20,22,LA,1.4,21.7
2020,6,20,23,ME,0.806,13.2
2020,6,20,24,MD,1.74,24.1
2020,6,20,25,MA,1.16,26.8
2020,6,20,26,MI,0.855,31.2
2020,6,20,27,MN,0.659,14
2020,6,20,28,MS,1.78,13.9
2020,6,20,29,MO,0.677,9.9
2020,6,20,30,MT,1.04,16.6
2020,6,20,31,NE,0.543,8.17
2020,6,20,32,NV,2.58,27
2020,6,20,33,NH,0.7,12
2020,6,20,34,NJ,1.15,21.8
2020,6,20,35,NM,0.747,15.8
2020,6,20,36,NY,1.69,29.6
2020,6,20,37,NC,1.04,15
2020,6,20,38,ND,0.622,9.46
2020,6,20,39,OH,2.08,28.9
2020,6,20,40,OK,3.26,9.9
2020,6,20,41,OR,0.902,11.9
2020,6,20,42,PA,2.27,42.7
2020,6,20,44,RI,1.28,20.7
2020,6,20,45,SC,1.24,11.6
2020,6,20,46,SD,0.237,4.77
2020,6,20,47,TN,0.79,12.1
2020,6,20,48,TX,0.876,10.1
2020,6,20,49,UT,0.407,5.42
2020,6,20,50,VT,0.512,15.6
2020,6,20,51,VA,0.767,13.7
2020,6,20,53,WA,0.991,15.5
2020,6,20,54,WV,0.471,9.35
2020,6,20,55,WI,0.903,7.83
2020,6,20,56,WY,0.65,6.17
2020,6,27,1,AL,0.968,9.24
2020,6,27,2,AK,2.21,17.9
2020,6,27,4,AZ,5.14,62
2020,6,27,5,AR,1.44,14.7
2020,6,27,6,CA,1.95,25
2020,6,27,8,CO,0.438,10.5
2020,6,27,9,CT,0.617,16.2
2020,6,27,10,DE,0.673,11.7
2020,6,27,11,DC,0.916,21.3
2020,6,27,12,FL,1.09,7.17
2020,6,27,13,GA,2.3,12.9
2020,6,27,15,HI,2.3,35.4
2020,6,27,16,ID,0.694,4.26
2020,6,27,17,IL,1.22,12.8
2020,6,27,18,IN,1.77,14.2
2020,6,27,19,IA,0.53,9.58
2020,6,27,20,KS,0.704,9.12
2020,6,27,21,KY,1.67,10.4
2020,6,27,22,LA,1.54,21.9
2020,6,27,23,ME,0.774,13.1
2020,6,27,24,MD,1.7,29.4
2020,6,27,25,MA,1.15,26.8
2020,6,27,26,MI,1.4,34.9
2020,6,27,27,MN,0.646,13.5
2020,6,27,28,MS,1.66,16.2
2020,6,27,29,MO,0.785,9.98
2020,6,27,30,MT,1.04,16.8
2020,6,27,31,NE,0.556,8.49
2020,6,27,32,NV,5.2,29.9
2020,6,27,33,NH,0.667,11.2
2020,6,27,34,NJ,1.16,21.9
2020,6,27,35,NM,0.772,15.8
2020,6,27,36,NY,1.52,29.5
2020,6,27,37,NC,1.12,14.7
2020,6,27,38,ND,0.585,9.3
2020,6,27,39,OH,1.48,18.3
2020,6,27,40,OK,1.1,8.98
2020,6,27,41,OR,0.727,11.5
2020,6,27,42,PA,3.24,53.9
2020,6,27,44,RI,1.27,20.5
2020,6,27,45,SC,1.24,12
2020,6,27,46,SD,0.174,4.65
2020,6,27,47,TN,0.85,12.4
2020,6,27,48,TX,0.927,10.6
2020,6,27,49,UT,0.413,5.39
2020,6,27,50,VT,0.754,15.6
2020,6,27,51,VA,0.999,14.7
2020,6,27,53,WA,1.08,14.7
2020,6,27,54,WV,0.443,9.23
2020,6,27,55,WI,0.917,8.48
2020,6,27,56,WY,0.549,6.43
2020,7,4,1,AL,0.96,9.62
2020,7,4,2,AK,2.08,18.6
2020,7,4,4,AZ,0.726,6.37
2020,7,4,5,AR,1.52,15.6
2020,7,4,6,CA,1.88,23.5
2020,7,4,8,CO,0.398,10.7
2020,7,4,9,CT,0.723,16.5
2020,7,4,10,DE,0.676,12
2020,7,4,11,DC,0.846,21.4
2020,7,4,12,FL,0.756,5.63
2020,7,4,13,GA,2.52,13.4
2020,7,4,15,HI,1.84,32.4
2020,7,4,16,ID,0.611,4.16
2020,7,4,17,IL,1.27,12.7
2020,7,4,18,IN,0.652,8.88
2020,7,4,19,IA,0.647,9.16
2020,7,4,20,KS,1.11,13.7
2020,7,4,21,KY,1.27,9.05
2020,7,4,22,LA,1.93,22.5
2020,7,4,23,ME,0.753,13
2020,7,4,24,MD,2.03,29.8
2020,7,4,25,MA,1.05,26.8
2020,7,4,26,MI,1.3,29.5
2020,7,4,27,MN,0.641,13.2
2020,7,4,28,MS,1.26,15.5
2020,7,4,29,MO,0.708,10.3
2020,7,4,30,MT,1.03,16.5
2020,7,4,31,NE,0.708,8.6
2020,7,4,32,NV,4.88,29.5
2020,7,4,33,NH,0.747,9.63
2020,7,4,34,NJ,1.31,21.1
2020,7,4,35,NM,0.875,16.6
2020,7,4,36,NY,1.56,30.4
2020,7,4,37,NC,1.01,14.2
2020,7,4,38,ND,0.592,9.1
2020,7,4,39,OH,1.42,15.3
2020,7,4,40,OK,0.618,7.12
2020,7,4,41,OR,0.713,11.1
2020,7,4,42,PA,3.85,58.3
2020,7,4,44,RI,1.73,21
2020,7,4,45,SC,1.14,11.4
2020,7,4,46,SD,0.203,4.25
2020,7,4,47,TN,1.08,12.5
2020,7,4,48,TX,1.07,10.2
2020,7,4,49,UT,0.392,5.3
2020,7,4,50,VT,0.67,14.5
2020,7,4,51,VA,1.03,16.5
2020,7,4,53,WA,1.01,14.1
2020,7,4,54,WV,0.418,8.81
2020,7,4,55,WI,0.977,8.09
2020,7,4,56,WY,0.573,5.62
2020,7,11,1,AL,1.2,9.16
2020,7,11,2,AK,3,18.1
2020,7,11,4,AZ,0.808,6.72
2020,7,11,5,AR,1.86,14.2
2020,7,11,6,CA,2.12,28
2020,7,11,8,CO,0.486,10.2
2020,7,11,9,CT,0.671,17.2
2020,7,11,10,DE,0.741,11.1
2020,7,11,11,DC,0.989,21.4
2020,7,11,12,FL,1.39,8.85
2020,7,11,13,GA,3.33,18.8
2020,7,11,15,HI,1.75,32.4
2020,7,11,16,ID,0.72,4.14
2020,7,11,17,IL,1.48,13.1
2020,7,11,18,IN,2.05,13.7
2020,7,11,19,IA,0.7,9.05
2020,7,11,20,KS,1.2,14.8
2020,7,11,21,KY,1.31,10.4
2020,7,11,22,LA,1.71,22.2
2020,7,11,23,ME,1.16,12.5
2020,7,11,24,MD,1.14,23
2020,7,11,25,MA,0.968,26.5
2020,7,11,26,MI,1.1,33
2020,7,11,27,MN,0.717,13.5
2020,7,11,28,MS,0.958,12.2
2020,7,11,29,MO,0.718,9.95
2020,7,11,30,MT,0.994,16.1
2020,7,11,31,NE,0.921,8.34
2020,7,11,32,NV,2.7,28.7
2020,7,11,33,NH,2.41,12.4
2020,7,11,34,NJ,1.3,21.1
2020,7,11,35,NM,0.968,16.7
2020,7,11,36,NY,1.51,28.9
2020,7,11,37,NC,0.958,13.9
2020,7,11,38,ND,0.685,9.64
2020,7,11,39,OH,2.21,14.9
2020,7,11,40,OK,0.633,7.17
2020,7,11,41,OR,0.825,11.7
2020,7,11,42,PA,3.91,65.9
2020,7,11,44,RI,1.7,21.2
2020,7,11,45,SC,1.3,11.9
2020,7,11,46,SD,0.292,4.99
2020,7,11,47,TN,1.02,12.4
2020,7,11,48,TX,0.99,10.7
2020,7,11,49,UT,0.391,5.32
2020,7,11,50,VT,0.687,14.3
2020,7,11,51,VA,1.06,17.5
2020,7,11,53,WA,1.41,13.8
2020,7,11,54,WV,0.511,8.66
2020,7,11,55,WI,1.03,9.31
2020,7,11,56,WY,0.599,5.85
2020,7,18,1,AL,1.17,8.92
2020,7,18,2,AK,2.06,17.3
2020,7,18,4,AZ,0.604,6.79
2020,7,18,5,AR,1.99,16.2
2020,7,18,6,CA,2.33,27.5
2020,7,18,8,CO,0.37,9.94
2020,7,18,9,CT,0.736,16.9
2020,7,18,10,DE,0.635,10.9
2020,7,18,11,DC,0.873,21.7
2020,7,18,12,FL,1.19,7.24
2020,7,18,13,GA,3.12,18.1
2020,7,18,15,HI,1.65,31.7
2020,7,18,16,ID,0.684,3.8
2020,7,18,17,IL,1.72,13.2
2020,7,18,18,IN,0.752,10.6
2020,7,18,19,IA,0.605,7.83
2020,7,18,20,KS,0.911,16.2
2020,7,18,21,KY,1.32,8.62
2020,7,18,22,LA,2.02,22.4
2020,7,18,23,ME,0.567,12.7
2020,7,18,24,MD,1.01,21.4
2020,7,18,25,MA,0.813,26.5
2020,7,18,26,MI,0.977,28.6
2020,7,18,27,MN,0.591,12.9
2020,7,18,28,MS,1.64,14.8
2020,7,18,29,MO,0.565,8.44
2020,7,18,30,MT,0.943,15.7
2020,7,18,31,NE,0.535,7.89
2020,7,18,32,NV,2.28,29.2
2020,7,18,33,NH,4.6,10.3
2020,7,18,34,NJ,0.793,20.7
2020,7,18,35,NM,1.16,18.4
2020,7,18,36,NY,1.55,29.7
2020,7,18,37,NC,0.965,13.9
2020,7,18,38,ND,0.478,8.78
2020,7,18,39,OH,1.77,14.8
2020,7,18,40,OK,0.647,6.9
2020,7,18,41,OR,0.987,11.6
2020,7,18,42,PA,3.59,59.6
2020,7,18,44,RI,2.06,21.3
2020,7,18,45,SC,1.04,12.1
2020,7,18,46,SD,0.192,4.52
2020,7,18,47,TN,1.08,13.7
2020,7,18,48,TX,0.865,10.2
2020,7,18,49,UT,0.371,5.26
2020,7,18,50,VT,0.659,14.4
2020,7,18,51,VA,1.31,19.2
2020,7,18,53,WA,1.03,13.6
2020,7,18,54,WV,0.472,8.76
2020,7,18,55,WI,0.91,9.44
2020,7,18,56,WY,1.03,5.77
2020,7,25,1,AL,0.836,8.81
2020,7,25,2,AK,1.91,16.8
2020,7,25,4,AZ,2.19,28.3
2020,7,25,5,AR,1.94,15.6
2020,7,25,6,CA,2.42,33.9
2020,7,25,8,CO,0.352,9.89
2020,7,25,9,CT,0.726,17.1
2020,7,25,10,DE,0.614,11.1
2020,7,25,11,DC,0.771,21.7
2020,7,25,12,FL,1.04,6.69
2020,7,25,13,GA,2.01,19.9
2020,7,25,15,HI,1.46,33.1
2020,7,25,16,ID,0.584,3.69
2020,7,25,17,IL,0.616,12.7
2020,7,25,18,IN,0.811,11.2
2020,7,25,19,IA,0.507,8.07
2020,7,25,20,KS,1.13,12.3
2020,7,25,21,KY,1.16,9.61
2020,7,25,22,LA,1.51,23.1
2020,7,25,23,ME,0.376,13.3
2020,7,25,24,MD,0.729,15.5
2020,7,25,25,MA,0.904,27.1
2020,7,25,26,MI,0.871,31.9
2020,7,25,27,MN,0.511,12.6
2020,7,25,28,MS,1.02,13.1
2020,7,25,29,MO,0.544,8.39
2020,7,25,30,MT,1,17.7
2020,7,25,31,NE,0.509,7.36
2020,7,25,32,NV,3.4,32.4
2020,7,25,33,NH,1.13,11
2020,7,25,34,NJ,1.18,21
2020,7,25,35,NM,1.15,19.5
2020,7,25,36,NY,1.4,30.6
2020,7,25,37,NC,0.901,14.3
2020,7,25,38,ND,0.323,8.43
2020,7,25,39,OH,1.46,14
2020,7,25,40,OK,0.596,6.93
2020,7,25,41,OR,1.48,13.3
2020,7,25,42,PA,2.63,31.2
2020,7,25,44,RI,3.1,22.1
2020,7,25,45,SC,0.914,12.1
2020,7,25,46,SD,0.204,4.36
2020,7,25,47,TN,0.867,14.3
2020,7,25,48,TX,0.71,11.7
2020,7,25,49,UT,0.312,5.17
2020,7,25,50,VT,0.614,14.2
2020,7,25,51,VA,1.54,18.4
2020,7,25,53,WA,0.941,13
2020,7,25,54,WV,0.392,8.63
2020,7,25,55,WI,0.845,10.2
2020,7,25,56,WY,0.736,5.91
2020,8,1,1,AL,0.639,8.91
2020,8,1,2,AK,1.7,17.3
2020,8,1,4,AZ,1.11,15.9
2020,8,1,5,AR,1.75,15.7
2020,8,1,6,CA,2.19,28.9
2020,8,1,8,CO,0.285,9.55
2020,8,1,9,CT,0.664,16.7
2020,8,1,10,DE,0.498,11.1
2020,8,1,11,DC,0.657,21.7
2020,8,1,12,FL,0.886,6.11
2020,8,1,13,GA,1.64,19
2020,8,1,15,HI,1.23,32.9
2020,8,1,16,ID,0.43,5.38
2020,8,1,17,IL,0.462,12.4
2020,8,1,18,IN,0.567,11
2020,8,1,19,IA,0.455,7.59
2020,8,1,20,KS,1.01,12.2
2020,8,1,21,KY,1.16,7.58
2020,8,1,22,LA,0.914,23.4
2020,8,1,23,ME,0.317,12.2
2020,8,1,24,MD,0.539,14.4
2020,8,1,25,MA,0.665,26
2020,8,1,26,MI,0.703,27
2020,8,1,27,MN,0.407,12
2020,8,1,28,MS,0.775,14.2
2020,8,1,29,MO,0.412,8.21
2020,8,1,30,MT,0.71,15
2020,8,1,31,NE,0.401,6.96
2020,8,1,32,NV,2.09,30.6
2020,8,1,33,NH,0.415,10.5
2020,8,1,34,NJ,0.817,21
2020,8,1,35,NM,0.891,19.2
2020,8,1,36,NY,1.25,32
2020,8,1,37,NC,0.565,13.3
2020,8,1,38,ND,0.269,8.05
2020,8,1,39,OH,1.18,12.9
2020,8,1,40,OK,0.437,6.69
2020,8,1,41,OR,1.33,14.1
2020,8,1,42,PA,1.66,25.1
2020,8,1,44,RI,2.8,22.7
2020,8,1,45,SC,0.677,11.9
2020,8,1,46,SD,0.193,4.29
2020,8,1,47,TN,0.502,11.8
2020,8,1,48,TX,0.578,10.6
2020,8,1,49,UT,0.244,4.87
2020,8,1,50,VT,0.631,13.5
2020,8,1,51,VA,0.8,14
2020,8,1,53,WA,0.795,12.6
2020,8,1,54,WV,0.314,8.02
2020,8,1,55,WI,0.71,9.76
2020,8,1,56,WY,0.482,5.94
2020,8,8,1,AL,0.517,8.61
2020,8,8,2,AK,1.44,14.9
2020,8,8,4,AZ,0.831,14.6
2020,8,8,5,AR,1.18,15.2
2020,8,8,6,CA,1.89,32.6
2020,8,8,8,CO,0.25,8.84
2020,8,8,9,CT,0.463,15.7
2020,8,8,10,DE,0.414,9.64
2020,8,8,11,DC,0.51,21.2
2020,8,8,12,FL,0.694,5.49
2020,8,8,13,GA,1.36,16.3
2020,8,8,15,HI,1.18,30.1
2020,8,8,16,ID,0.392,4.49
2020,8,8,17,IL,0.413,12.2
2020,8,8,18,IN,0.531,9.93
2020,8,8,19,IA,0.349,6.97
2020,8,8,20,KS,1.34,14.7
2020,8,8,21,KY,0.936,9.33
2020,8,8,22,LA,0.732,21.7
2020,8,8,23,ME,0.29,12
2020,8,8,24,MD,0.394,13.4
2020,8,8,25,MA,0.615,23.6
2020,8,8,26,MI,0.643,28.8
2020,8,8,27,MN,0.302,10.9
2020,8,8,28,MS,0.664,15.6
2020,8,8,29,MO,0.339,6.97
2020,8,8,30,MT,0.576,12.6
2020,8,8,31,NE,0.369,6.35
2020,8,8,32,NV,1.97,30.6
2020,8,8,33,NH,0.428,10.6
2020,8,8,34,NJ,0.543,19.5
2020,8,8,35,NM,0.752,15
2020,8,8,36,NY,0.834,29.3
2020,8,8,37,NC,0.452,12.1
2020,8,8,38,ND,0.949,6.92
2020,8,8,39,OH,0.583,13.9
2020,8,8,40,OK,0.359,7.06
2020,8,8,41,OR,0.73,14.6
2020,8,8,42,PA,1.18,25.8
2020,8,8,44,RI,1.87,21
2020,8,8,45,SC,0.461,10.9
2020,8,8,46,SD,0.257,4.36
2020,8,8,47,TN,0.428,10.8
2020,8,8,48,TX,0.471,10.8
2020,8,8,49,UT,0.231,4.5
2020,8,8,50,VT,0.356,12.9
2020,8,8,51,VA,0.415,11.3
2020,8,8,53,WA,0.704,11.5
2020,8,8,54,WV,0.249,7.86
2020,8,8,55,WI,0.54,8.58
2020,8,8,56,WY,0.473,5.2
2020,8,15,1,AL,0.584,7.71
2020,8,15,2,AK,1.44,13.8
2020,8,15,4,AZ,0.901,14.2
2020,8,15,5,AR,1.44,14.2
2020,8,15,6,CA,1.87,32.3
2020,8,15,8,CO,0.294,8.65
2020,8,15,9,CT,0.565,15.4
2020,8,15,10,DE,0.442,9.34
2020,8,15,11,DC,0.544,20.9
2020,8,15,12,FL,0.803,4.96
2020,8,15,13,GA,1.27,15.9
2020,8,15,15,HI,1.31,32.8
2020,8,15,16,ID,0.448,4.52
2020,8,15,17,IL,0.401,11.8
2020,8,15,18,IN,0.541,9.6
2020,8,15,19,IA,0.403,6.35
2020,8,15,20,KS,1.88,19.7
2020,8,15,21,KY,1,7.62
2020,8,15,22,LA,0.944,18.6
2020,8,15,23,ME,0.359,11.2
2020,8,15,24,MD,0.397,12.9
2020,8,15,25,MA,0.772,25.4
2020,8,15,26,MI,0.681,23.5
2020,8,15,27,MN,0.388,10.3
2020,8,15,28,MS,0.724,11
2020,8,15,29,MO,0.396,6.76
2020,8,15,30,MT,0.62,12.1
2020,8,15,31,NE,0.429,5.72
2020,8,15,32,NV,1.51,24
2020,8,15,33,NH,0.557,8.96
2020,8,15,34,NJ,0.979,19.6
2020,8,15,35,NM,0.704,14.2
2020,8,15,36,NY,0.994,29.8
2020,8,15,37,NC,0.546,11.7
2020,8,15,38,ND,0.405,7.05
2020,8,15,39,OH,0.633,13.4
2020,8,15,40,OK,0.41,6.7
2020,8,15,41,OR,0.394,12.9
2020,8,15,42,PA,1.03,23.8
2020,8,15,44,RI,4.91,19.7
2020,8,15,45,SC,0.57,9.71
2020,8,15,46,SD,0.192,2.81
2020,8,15,47,TN,0.576,11
2020,8,15,48,TX,0.577,9.75
2020,8,15,49,UT,0.236,4.27
2020,8,15,50,VT,0.233,12.3
2020,8,15,51,VA,0.428,11.9
2020,8,15,53,WA,0.735,11
2020,8,15,54,WV,0.303,7.44
2020,8,15,55,WI,0.559,8.18
2020,8,15,56,WY,0.35,4.91
2020,8,22,1,AL,0.458,7.3
2020,8,22,2,AK,1.34,13.8
2020,8,22,4,AZ,1.47,14.6
2020,8,22,5,AR,1.54,12.6
2020,8,22,6,CA,2.35,44.3
2020,8,22,8,CO,0.283,8.44
2020,8,22,9,CT,0.392,15.7
2020,8,22,10,DE,0.378,8.85
2020,8,22,11,DC,0.459,20.4
2020,8,22,12,FL,0.581,4.44
2020,8,22,13,GA,1.24,15.7
2020,8,22,15,HI,1.28,29.2
2020,8,22,16,ID,0.457,4.26
2020,8,22,17,IL,0.472,11.5
2020,8,22,18,IN,0.503,9.41
2020,8,22,19,IA,0.432,6.56
2020,8,22,20,KS,2.06,19.8
2020,8,22,21,KY,0.927,8.79
2020,8,22,22,LA,0.853,18.5
2020,8,22,23,ME,0.356,10.2
2020,8,22,24,MD,0.337,12.8
2020,8,22,25,MA,0.791,24.7
2020,8,22,26,MI,0.69,26.9
2020,8,22,27,MN,0.348,9.86
2020,8,22,28,MS,0.485,10
2020,8,22,29,MO,0.352,6.49
2020,8,22,30,MT,0.838,14.4
2020,8,22,31,NE,0.384,5.49
2020,8,22,32,NV,1.28,23.2
2020,8,22,33,NH,0.39,8.87
2020,8,22,34,NJ,0.703,19.3
2020,8,22,35,NM,0.619,13.7
2020,8,22,36,NY,0.981,31.3
2020,8,22,37,NC,0.432,11
2020,8,22,38,ND,0.362,6.63
2020,8,22,39,OH,0.563,12.9
2020,8,22,40,OK,0.388,6.65
2020,8,22,41,OR,0.367,12.7
2020,8,22,42,PA,0.984,23.4
2020,8,22,44,RI,4.25,19.9
2020,8,22,45,SC,0.456,10.1
2020,8,22,46,SD,0.199,3.43
2020,8,22,47,TN,0.479,10.7
2020,8,22,48,TX,0.486,9.91
2020,8,22,49,UT,0.245,3.93
2020,8,22,50,VT,0.217,11.7
2020,8,22,51,VA,0.344,11.3
2020,8,22,53,WA,0.656,11.1
2020,8,22,54,WV,0.261,7.14
2020,8,22,55,WI,0.515,7.56
2020,8,22,56,WY,0.404,4.69
2020,8,29,1,AL,0.465,7.17
2020,8,29,2,AK,1.26,13.4
2020,8,29,4,AZ,2.14,14.9
2020,8,29,5,AR,1.19,12
2020,8,29,6,CA,3.22,51
2020,8,29,8,CO,0.29,8.23
2020,8,29,9,CT,0.358,16.4
2020,8,29,10,DE,0.356,8.57
2020,8,29,11,DC,0.401,20.3
2020,8,29,12,FL,0.441,4.41
2020,8,29,13,GA,1.12,15.6
2020,8,29,15,HI,1.45,32.4
2020,8,29,16,ID,0.428,3.91
2020,8,29,17,IL,0.475,11
2020,8,29,18,IN,0.544,10.1
2020,8,29,19,IA,0.406,6.2
2020,8,29,20,KS,1.92,15
2020,8,29,21,KY,0.923,7.62
2020,8,29,22,LA,1.1,18.4
2020,8,29,23,ME,0.472,9.82
2020,8,29,24,MD,0.319,12.7
2020,8,29,25,MA,0.775,23.8
2020,8,29,26,MI,0.669,23.6
2020,8,29,27,MN,0.331,9.47
2020,8,29,28,MS,0.51,9.75
2020,8,29,29,MO,0.388,6.27
2020,8,29,30,MT,1.03,16.9
2020,8,29,31,NE,0.338,4.88
2020,8,29,32,NV,1.2,22.7
2020,8,29,33,NH,0.419,8.33
2020,8,29,34,NJ,0.685,19.2
2020,8,29,35,NM,0.559,13.7
2020,8,29,36,NY,0.99,31.8
2020,8,29,37,NC,0.406,10.8
2020,8,29,38,ND,0.376,6.11
2020,8,29,39,OH,0.586,13
2020,8,29,40,OK,0.376,7.17
2020,8,29,41,OR,0.362,12.5
2020,8,29,42,PA,0.928,21.9
2020,8,29,44,RI,4.55,20.8
2020,8,29,45,SC,0.419,9.83
2020,8,29,46,SD,0.155,3.06
2020,8,29,47,TN,0.526,10.8
2020,8,29,48,TX,0.547,9.24
2020,8,29,49,UT,0.208,3.49
2020,8,29,50,VT,0.236,11.3
2020,8,29,51,VA,0.313,11.1
2020,8,29,53,WA,0.687,10.3
2020,8,29,54,WV,0.254,6.86
2020,8,29,55,WI,0.461,7.12
2020,8,29,56,WY,0.384,4.52
2020,9,5,1,AL,0.453,7.17
2020,9,5,2,AK,1.2,12.9
2020,9,5,4,AZ,3.17,15.4
2020,9,5,5,AR,1.01,10.6
2020,9,5,6,CA,3.53,50.3
2020,9,5,8,CO,0.262,7.97
2020,9,5,9,CT,0.339,14.4
2020,9,5,10,DE,0.355,8.23
2020,9,5,11,DC,1.03,20
2020,9,5,12,FL,0.47,3.97
2020,9,5,13,GA,1.09,15.2
2020,9,5,15,HI,1.54,34.3
2020,9,5,16,ID,0.437,3.69
2020,9,5,17,IL,0.46,10.9
2020,9,5,18,IN,0.619,11.3
2020,9,5,19,IA,0.356,5.78
2020,9,5,20,KS,1.71,15.7
2020,9,5,21,KY,0.56,8.34
2020,9,5,22,LA,1.54,18.8
2020,9,5,23,ME,0.416,9.51
2020,9,5,24,MD,0.313,12.4
2020,9,5,25,MA,0.788,23.6
2020,9,5,26,MI,0.598,25.5
2020,9,5,27,MN,0.365,9.43
2020,9,5,28,MS,0.468,11.8
2020,9,5,29,MO,0.385,6.17
2020,9,5,30,MT,1.05,15.9
2020,9,5,31,NE,0.351,4.95
2020,9,5,32,NV,1.15,22.1
2020,9,5,33,NH,0.369,7.97
2020,9,5,34,NJ,0.916,18.5
2020,9,5,35,NM,0.534,13.8
2020,9,5,36,NY,1.03,30.6
2020,9,5,37,NC,0.437,11
2020,9,5,38,ND,0.42,5.86
2020,9,5,39,OH,0.554,12.5
2020,9,5,40,OK,0.417,7.62
2020,9,5,41,OR,0.542,13
2020,9,5,42,PA,0.864,21.6
2020,9,5,44,RI,5.8,20.7
2020,9,5,45,SC,0.388,9.59
2020,9,5,46,SD,0.141,2.74
2020,9,5,47,TN,0.506,11.1
2020,9,5,48,TX,0.638,9.67
2020,9,5,49,UT,0.209,3.11
2020,9,5,50,VT,0.229,10.9
2020,9,5,51,VA,0.323,10.8
2020,9,5,53,WA,0.752,10.3
2020,9,5,54,WV,0.265,6.59
2020,9,5,55,WI,0.452,6.8
2020,9,5,56,WY,0.343,4.44
2020,9,12,1,AL,0.453,6.69
2020,9,12,2,AK,1.11,12.2
2020,9,12,4,AZ,4.93,16.5
2020,9,12,5,AR,0.829,9.54
2020,9,12,6,CA,2.22,33.5
2020,9,12,8,CO,0.214,7.56
2020,9,12,9,CT,0.32,12.1
2020,9,12,10,DE,0.347,7.93
2020,9,12,11,DC,0.392,20.1
2020,9,12,12,FL,0.427,4.01
2020,9,12,13,GA,0.928,14.5
2020,9,12,15,HI,1.51,32.8
2020,9,12,16,ID,0.423,3.42
2020,9,12,17,IL,0.485,10.2
2020,9,12,18,IN,0.772,13.5
2020,9,12,19,IA,0.313,5.68
2020,9,12,20,KS,1.85,21
2020,9,12,21,KY,0.518,7.17
2020,9,12,22,LA,1.13,18.5
2020,9,12,23,ME,0.349,8.18
2020,9,12,24,MD,0.354,13.3
2020,9,12,25,MA,0.787,23
2020,9,12,26,MI,0.775,24.7
2020,9,12,27,MN,0.373,9.35
2020,9,12,28,MS,0.498,10.4
2020,9,12,29,MO,0.318,5.91
2020,9,12,30,MT,1.06,15.5
2020,9,12,31,NE,0.393,4.78
2020,9,12,32,NV,1.21,21.3
2020,9,12,33,NH,0.362,7.15
2020,9,12,34,NJ,0.639,17.9
2020,9,12,35,NM,0.496,13.6
2020,9,12,36,NY,0.979,27.7
2020,9,12,37,NC,0.406,10.5
2020,9,12,38,ND,0.417,5.68
2020,9,12,39,OH,0.503,12.2
2020,9,12,40,OK,0.356,7.34
2020,9,12,41,OR,0.4,11.5
2020,9,12,42,PA,0.927,21.8
2020,9,12,44,RI,3.07,20.8
2020,9,12,45,SC,0.329,9.22
2020,9,12,46,SD,0.089,2.12
2020,9,12,47,TN,0.482,11.3
2020,9,12,48,TX,0.478,9.04
2020,9,12,49,UT,0.186,2.86
2020,9,12,50,VT,0.19,10.4
2020,9,12,51,VA,0.3,10.5
2020,9,12,53,WA,0.728,9.92
2020,9,12,54,WV,0.236,6.34
2020,9,12,55,WI,0.431,6.42
2020,9,12,56,WY,0.286,4.12
2020,9,19,1,AL,0.468,6.73
2020,9,19,2,AK,1.13,11.9
2020,9,19,4,AZ,6.01,17.6
2020,9,19,5,AR,0.869,9.58
2020,9,19,6,CA,1.68,34.7
2020,9,19,8,CO,0.223,7.83
2020,9,19,9,CT,0.316,12.7
2020,9,19,10,DE,0.389,8.08
2020,9,19,11,DC,0.431,19.9
2020,9,19,12,FL,0.472,3.62
2020,9,19,13,GA,1.1,15.8
2020,9,19,15,HI,1.49,35.6
2020,9,19,16,ID,0.396,3.3
2020,9,19,17,IL,0.468,10.7
2020,9,19,18,IN,0.699,12.7
2020,9,19,19,IA,0.405,5.68
2020,9,19,20,KS,2.05,21.5
2020,9,19,21,KY,0.522,7.94
2020,9,19,22,LA,1.2,17.9
2020,9,19,23,ME,0.384,7.86
2020,9,19,24,MD,0.314,12.9
2020,9,19,25,MA,0.914,23.3
2020,9,19,26,MI,0.842,26
2020,9,19,27,MN,0.361,8.9
2020,9,19,28,MS,0.546,10.1
2020,9,19,29,MO,0.292,5.79
2020,9,19,30,MT,0.977,13.9
2020,9,19,31,NE,0.469,5.36
2020,9,19,32,NV,1.27,21.4
2020,9,19,33,NH,0.329,7.04
2020,9,19,34,NJ,0.823,18.1
2020,9,19,35,NM,0.528,13.6
2020,9,19,36,NY,1.16,30.9
2020,9,19,37,NC,0.454,10.5
2020,9,19,38,ND,0.418,5.66
2020,9,19,39,OH,0.569,12.8
2020,9,19,40,OK,0.338,7.2
2020,9,19,41,OR,0.694,13.9
2020,9,19,42,PA,0.976,22
2020,9,19,44,RI,2.2,17.5
2020,9,19,45,SC,0.353,9.14
2020,9,19,46,SD,0.13,2.12
2020,9,19,47,TN,0.506,11.2
2020,9,19,48,TX,0.399,9.08
2020,9,19,49,UT,0.204,2.68
2020,9,19,50,VT,0.203,10
2020,9,19,51,VA,0.317,10.4
2020,9,19,53,WA,0.726,9.63
2020,9,19,54,WV,0.279,6.33
2020,9,19,55,WI,0.457,6.62
2020,9,19,56,WY,0.303,4.19
2020,9,26,1,AL,0.453,.
2020,9,26,2,AK,1.11,.
2020,9,26,4,AZ,6.43,.
2020,9,26,5,AR,0.793,.
2020,9,26,6,CA,1.68,.
2020,9,26,8,CO,0.231,.
2020,9,26,9,CT,0.302,.
2020,9,26,10,DE,0.399,.
2020,9,26,11,DC,0.506,.
2020,9,26,12,FL,0.504,.
2020,9,26,13,GA,0.959,.
2020,9,26,15,HI,1.52,.
2020,9,26,16,ID,0.342,.
2020,9,26,17,IL,0.539,.
2020,9,26,18,IN,0.646,.
2020,9,26,19,IA,0.315,.
2020,9,26,20,KS,1.86,.
2020,9,26,21,KY,0.472,.
2020,9,26,22,LA,1.38,.
2020,9,26,23,ME,0.815,.
2020,9,26,24,MD,0.4,.
2020,9,26,25,MA,0.953,.
2020,9,26,26,MI,0.697,.
2020,9,26,27,MN,0.309,.
2020,9,26,28,MS,0.531,.
2020,9,26,29,MO,0.261,.
2020,9,26,30,MT,0.921,.
2020,9,26,31,NE,0.461,.
2020,9,26,32,NV,1.21,.
2020,9,26,33,NH,0.333,.
2020,9,26,34,NJ,0.989,.
2020,9,26,35,NM,0.479,.
2020,9,26,36,NY,1.03,.
2020,9,26,37,NC,0.466,.
2020,9,26,38,ND,0.432,.
2020,9,26,39,OH,0.628,.
2020,9,26,40,OK,0.328,.
2020,9,26,41,OR,0.496,.
2020,9,26,42,PA,1.07,.
2020,9,26,44,RI,1.79,.
2020,9,26,45,SC,0.367,.
2020,9,26,46,SD,0.0681,.
2020,9,26,47,TN,0.522,.
2020,9,26,48,TX,0.343,.
2020,9,26,49,UT,0.195,.
2020,9,26,50,VT,0.191,.
2020,9,26,51,VA,0.283,.
2020,9,26,53,WA,0.641,.
2020,9,26,54,WV,0.239,.
2020,9,26,55,WI,0.429,.
2020,9,26,56,WY,0.312,.
